Zona,Código do Local,Nome do Local,Município,Endereço,Bairro,Seções,Seção-Aptos,Quantidade de Aptos,Latitude,Longitude
55,1546,"COLÉGIO AVANÇAR",Pesqueira,"RUA SIMÃO ROCHA, N 12","SÃO SEBASTIÃO","32, 33, 34, 35","32-187, 33-186, 34-185, 35-189",747,-8.3604489,-36.6999792
55,1597,"CRECHE MUTUCA",Pesqueira,"LOTEAMENTO SÃO FRANCISCO","MUTUCA","250, 254","250-237, 254-11",248,-8.2823187,-36.5765576
55,1295,"EDUCANDÁRIO IMACULADA CONCEICÃO",Pesqueira,"RUA MINISTRO ANDRÉ CAVALCANTI, 34","PRADO","47, 48, 103, 104, 105, 163","47-321, 48-324, 103-328, 104-327, 105-321, 163-324",1945,-8.3585569,-36.691583
55,1040,"EREMJAM - ESCOLA DE REFERENCIA EM ENSINO MÉDIO JOSÉ DE ALMEIDA MACIEL",Pesqueira,"AV. ÉSIO ARAÚJO, SN","CENTRO","96, 97, 126, 142, 168, 173, 184, 193, 251","96-385, 97-384, 126-386, 142-388, 168-384, 173-383, 184-387, 193-385, 251-386",3468,-8.354732,-36.6914187
55,1554,"ESCOLA ARCO IRIS",Pesqueira,"RUA PEDRO ALVARES SANTA CRUZ, S/N","CENTENÁRIO","26, 27, 28, 213","26-245, 27-250, 28-248, 213-248",991,-8.3647338,-36.6957055
55,1384,"ESCOLA DE PRIMEIRO GRAU PROFESSORA MARGARIDA FALCÃO DE LIMA",Pesqueira,"RUA 12, SN","CENTRAL","65, 147, 154, 170, 178, 192, 210","65-395, 147-396, 154-391, 170-394, 178-393, 192-397, 210-394",2760,-8.3650566,-36.7105675
55,1015,"ESCOLA ELIZEU ARAÚJO",Pesqueira,"RUA CLICERIO DE ALMEIDA MACIEL, SN","CENTENÁRIO","29, 30, 128, 174, 181, 182, 187, 189, 214, 247, 257","29-378, 30-382, 128-381, 174-374, 181-380, 182-378, 187-376, 189-380, 214-378, 247-381, 257-383",4171,-8.3644825,-36.6950565
55,1031,"ESCOLA ESTADUAL CACILDA DE ALMEIDA",Pesqueira,"RUA ANÍSIO GALVÃO, 16","CENTRO","36, 37, 38, 66, 67, 99","36-286, 37-288, 38-285, 66-289, 67-289, 99-287",1724,-8.3579132,-36.6999093
55,1074,"ESCOLA ESTADUAL CRISTO REI",Pesqueira,"RUA COMENDADOR JOSÉ DIDIER,   72","CENTRO","50, 51, 52, 53, 54, 55","50-389, 51-388, 52-387, 53-385, 54-390, 55-395",2334,-8.3585225,-36.7010277
55,1333,"ESCOLA ESTADUAL DOM ADELMO MACHADO",Pesqueira,"RUA PAES BARRETO,  800","SÃO SEBASTIÃO","100, 101, 114, 115, 116, 117, 127, 129, 160, 203","100-360, 101-366, 114-367, 115-365, 116-367, 117-367, 127-369, 129-362, 160-363, 203-363",3649,-8.3605422,-36.6998831
55,1309,"ESCOLA ESTADUAL PROFESSOR ARRUDA MARINHO",Pesqueira,"AV. JOAQUIM DE BRITO                   229","PRADO","102, 106, 107, 108, 109, 110, 136, 167, 175, 185, 194, 209","102-393, 106-393, 107-391, 108-396, 109-396, 110-396, 136-394, 167-397, 175-392, 185-398, 194-396, 209-392",4734,-8.3571835,-36.6883285
55,1490,"ESCOLA ESTADUAL SANTA RITA",Pesqueira,"ALDEIA PÉ DE SERRA","ZONA RURAL","197, 204, 246","197-323, 204-324, 246-326",973,-8.2774713,-36.6915563
55,1481,"ESCOLA ESTADUAL URUBÁ",Pesqueira,"ALDEIA CANA BRAVA","ZONA RURAL","198, 202","198-383, 202-384",767,-8.3070886,-36.6849725
55,1210,"ESCOLA INTERMEDIÁRIA HENRIQUE MONTEIRO LEITE",Pesqueira,"RUA SÃO FRANCISCO, SN","MUTUCA","84, 85, 86, 87, 88, 89, 90, 131, 138, 177, 201, 206, 212","84-247, 85-246, 86-241, 87-248, 88-240, 89-239, 90-239, 131-238, 138-236, 177-238, 201-239, 206-236, 212-237",3124,-8.280151,-36.5730613
55,1171,"ESCOLA INTERMEDIÁRIA LUIZ TENORIO DE ALBUQUERQUE",Pesqueira,"RUA POSSIDÔNIO TENÓRIO DE BRITO, SN","MIMOSO","76, 77, 78, 79, 80, 81, 82, 83, 159, 179","76-254, 77-251, 78-252, 79-256, 80-255, 81-254, 82-254, 83-254, 159-255, 179-252",2537,-8.4000168,-36.8952636
55,1317,"ESCOLA INTERMEDIÁRIA MARIA ALIETE DE FREITAS MACEDO",Pesqueira,"RUA DO COMÉRCIO, SN","SALOBRO","111, 112, 113","111-260, 112-260, 113-258",778,-8.6111504,-36.6884005
55,1236,"ESCOLA INTERMEDIÁRIA SEBASTIÃO QUIRINO DA COSTA",Pesqueira,"RUA SÃO SEBASTIÃO, SN","PAPAGAIO","91, 92, 93, 94, 95, 150, 156","91-205, 92-203, 93-205, 94-204, 95-206, 150-205, 156-204",1432,-8.552165,-36.6488066
55,1120,"ESCOLA MONSENHOR OLÍMPIO TORRES",Pesqueira,"RUA N. S. DAS MONTANHAS,   S/N","CIMBRES","68, 69, 70, 71, 72, 73, 74, 75, 135, 149, 155, 205","68-245, 69-242, 70-243, 71-244, 72-244, 73-243, 74-240, 75-242, 135-244, 149-241, 155-242, 205-242",2912,-8.3416441,-36.8327551
55,1600,"ESCOLA MUNICIPAL ALMIRA PRUDÊNCIO DE FREITAS",Pesqueira,"PE 190","Roçadinho","255","255-82",82,-8.3098586,-36.6353071
55,1350,"ESCOLA MUNICIPAL ELIAS CORDEIRO DE FARIAS",Pesqueira,"RUA NOSSA SENHORA DO ROSÁRIO, SN","CACIMBÃO","123, 171","123-198, 171-198",396,-8.4689339,-36.5944726
55,1511,"ESCOLA MUNICIPAL IRMÃ ZÉLIA DE NICÁSSIA",Pesqueira,"AV. ÉZIO ARAÚJO","CENTRO","39, 40, 41, 42, 43, 44, 45, 46, 208","39-226, 40-230, 41-227, 42-226, 43-229, 44-224, 45-224, 46-227, 208-225",2038,-8.3546174,-36.6902736
55,1023,"ESCOLA MUNICIPAL MARIA DE LOURDES LIMA ALMEIDA",Pesqueira,"PRAÇA COMENDADOR JOSÉ DIDIER, SN","CENTRO","31, 49, 56, 57, 58, 59, 60, 61, 62, 98, 122, 133, 157","31-179, 49-182, 56-177, 57-181, 58-181, 59-178, 60-182, 61-176, 62-179, 98-181, 122-177, 133-181, 157-178",2332,-8.3604856,-36.7024229
55,1570,"ESCOLA MUNICIPAL ORONCIO TEIXEIRA GUEIROS",Pesqueira,"PAPAGAIO DE CIMA","PAPAGAIO DE CIMA","245","245-195",195,-8.5651676,-36.6754239
55,1465,"ESCOLA MUNICIPAL PINHEIRO MARINHO DE ESPÍNDOLA",Pesqueira,"NOVO CAJUEIRO","NOVO CAJUEIRO","191","191-351",351,-8.3973283,-36.8478895
55,1414,"ESCOLA MUNICIPAL PROFESSOR JOSÉ MARCELINO XAVIER",Pesqueira,"RUA MANOEL BORBA, S/N","PEDRA REDONDA","132, 165, 169, 180, 186, 188","132-311, 165-313, 169-308, 180-309, 186-297, 188-305",1843,-8.3558783,-36.6781048
55,1589,"ESCOLA MUNICIPAL PROFESSOR PAULO OLIVEIRA DE MELO",Pesqueira,"RUA ANTONIO BARBOSA FILHO","XUCURUS","118, 119, 120, 121, 248","118-342, 119-342, 120-343, 121-340, 248-345",1712,-8.3503672,-36.696827
55,1368,"ESCOLA MUNICIPAL SÉRGIO DE BRITO CAVALCANTI",Pesqueira,"RUA LEOPOLDO DE CARVALHO , SN","IPANEMA","124, 144, 252","124-304, 144-302, 252-304",910,-8.4030488,-36.8118934
55,1392,"ESCOLA PEDRO QUINQUIM DE ESPÍNDOLA / ESCOLA INDÍGENA XUA DO LIMOLAYGO",Pesqueira,"ALDEIA CAJUEIRO, POVO XUKURU, ALDEIA CAJUEIRO","CAJUEIRO","148, 256","148-192, 256-189",381,-8.3573511,-36.8295066
55,1503,"ESCOLA SANTO ANTONIO",Pesqueira,"RUA SANTO ANTONIO, S/N","VILA ANÁPOLIS","195, 244, 258","195-374, 244-379, 258-67",820,-8.3671466,-36.6976694
55,1520,"ESPAÇO EDUCACIONAL DR. CARLITO DIDER PITA - CAIC",Pesqueira,"RUA 5, COHAB II, S/N","COHAB II","63, 64, 207, 259","63-381, 64-380, 207-383, 259-72",1216,-8.3661212,-36.7119396
55,1473,"PONTO CULTURAL",Pesqueira,"ALDEIA SANTANA","ZONA RURAL","196, 200","196-373, 200-375",748,-8.3368055,-36.7276135
55,1376,"POSTO DE SAÚDE - BEIRA MAR",Pesqueira,"POVOADO DE BEIRA MAR,  S/N","BEIRA MAR","125","125-259",259,-8.5001496,-36.6587781
